{
  "hash": "2d0ec351",
  "configHash": "e5775e9a",
  "lockfileHash": "bb335943",
  "browserHash": "abdb8176",
  "optimized": {
    "@angular/core": {
      "src": "../../../../../../node_modules/@angular/core/fesm2022/core.mjs",
      "file": "@angular_core.js",
      "fileHash": "10bf8abb",
      "needsInterop": false
    },
    "@angular/forms": {
      "src": "../../../../../../node_modules/@angular/forms/fesm2022/forms.mjs",
      "file": "@angular_forms.js",
      "fileHash": "caa58afd",
      "needsInterop": false
    },
    "@angular/platform-browser": {
      "src": "../../../../../../node_modules/@angular/platform-browser/fesm2022/platform-browser.mjs",
      "file": "@angular_platform-browser.js",
      "fileHash": "8d60ae33",
      "needsInterop": false
    },
    "@angular/router": {
      "src": "../../../../../../node_modules/@angular/router/fesm2022/router.mjs",
      "file": "@angular_router.js",
      "fileHash": "5099a49f",
      "needsInterop": false
    }
  },
  "chunks": {
    "chunk-HQC2PZP2": {
      "file": "chunk-HQC2PZP2.js"
    },
    "chunk-M27JC422": {
      "file": "chunk-M27JC422.js"
    },
    "chunk-PVOITZL7": {
      "file": "chunk-PVOITZL7.js"
    }
  }
}